{"count":1,"self":4313.8183168,"total":31316.876295799997,"children":{"AgentSendState":{"count":3335401,"self":304.2744576,"total":1797.7839867,"children":{"CollectObservations":{"count":12007890,"self":58.3954816,"total":58.3954806,"children":null},"CollectDiscreteActionMasks":{"count":12007890,"self":22.563849599999998,"total":22.563849299999998,"children":null},"AgentInfo.ToProto":{"count":12007890,"self":94.5746752,"total":1412.5501978999998,"children":{"GenerateSensorData":{"count":12007890,"self":401.6832768,"total":1317.9755255,"children":{"RayPerceptionSensor.Perceive":{"count":30019725,"self":916.29230079999991,"total":916.2922524999999,"children":null}}}}}}},"DecideAction":{"count":3335401,"self":25065.127935999997,"total":25065.127122399997,"children":null},"AgentAct":{"count":3335401,"self":138.7923456,"total":140.144881,"children":{"AgentInfo.ToProto":{"count":11862,"self":0.1077442,"total":1.3525299,"children":{"GenerateSensorData":{"count":11862,"self":0.3981669,"total":1.2447857,"children":{"RayPerceptionSensor.Perceive":{"count":29655,"self":0.8466188,"total":0.8466188,"children":null}}}}}}}},"gauges":{"herbivore.CumulativeReward":{"count":5931,"max":21.7404022,"min":-124.06,"runningAverage":1.79911852,"value":6.46006441,"weightedAverage":0.426911145},"carnivore.CumulativeReward":{"count":5931,"max":21.250391,"min":-137.5,"runningAverage":3.32621622,"value":6.84007072,"weightedAverage":5.87381268}},"metadata":{"timer_format_version":"0.1.0","start_time_seconds":"1603482178","unity_version":"2019.4.8f1","command_line_arguments":"C:\\Program Files\\Unity\\Hub\\Editor\\2019.4.8f1\\Editor\\Unity.exe -projectpath C:\/Users\/Robel\/Documents\/Unity\/Projects\/MLEcosystem -useHub -hubIPC -cloudEnvironment production -hubSessionId 91068330-1567-11eb-9c1a-4dfec5eb859a -accessToken KLaMfiDhf5Klu5PQd0fVtNTf6vcujZUSIZaIOp6QN1o00af","communication_protocol_version":"1.0.0","com.unity.ml-agents_version":"1.0.5","scene_name":"Training_01","end_time_seconds":"1603513495"}}