{"count":1,"self":1632.607744,"total":9963.387673199999,"children":{"AgentSendState":{"count":1389317,"self":117.7917056,"total":615.92925789999993,"children":{"CollectObservations":{"count":5001552,"self":22.2893312,"total":22.289331699999998,"children":null},"CollectDiscreteActionMasks":{"count":5001552,"self":8.7449944,"total":8.7449947,"children":null},"AgentInfo.ToProto":{"count":5001552,"self":35.2206848,"total":467.10323059999996,"children":{"GenerateSensorData":{"count":5001552,"self":132.20840959999998,"total":431.8825442,"children":{"RayPerceptionSensor.Perceive":{"count":10003104,"self":299.6741376,"total":299.6741371,"children":null}}}}}}},"DecideAction":{"count":1389317,"self":7652.3380736,"total":7652.3382014,"children":null},"AgentAct":{"count":1389317,"self":62.068287999999995,"total":62.511435,"children":{"AgentInfo.ToProto":{"count":4986,"self":0.0419328,"total":0.4431477,"children":{"GenerateSensorData":{"count":4986,"self":0.11070289999999999,"total":0.4012149,"children":{"RayPerceptionSensor.Perceive":{"count":9972,"self":0.290512,"total":0.290512,"children":null}}}}}}}},"gauges":{"herbivore.CumulativeReward":{"count":4986,"max":27.190527,"min":-122.92849,"runningAverage":10.1568871,"value":9.120157,"weightedAverage":10.9037743}},"metadata":{"timer_format_version":"0.1.0","start_time_seconds":"1603242517","unity_version":"2019.4.8f1","command_line_arguments":"C:\\Program Files\\Unity\\Hub\\Editor\\2019.4.8f1\\Editor\\Unity.exe -projectpath C:\/Users\/Robel\/Documents\/Unity\/Projects\/MLEcosystem -useHub -hubIPC -cloudEnvironment production -hubSessionId b3c47c10-12d3-11eb-988a-6ba28a1d65b7 -accessToken B22MlpCsWbpZuyb6gRCYGrI2X_98M27XzVeT4WnL5gE00af","communication_protocol_version":"1.0.0","com.unity.ml-agents_version":"1.0.5","scene_name":"Training_01","end_time_seconds":"1603252481"}}