{"count":1,"self":6180.4716032,"total":66295.955827,"children":{"AgentSendState":{"count":5008901,"self":532.45491199999992,"total":4295.1055791,"children":{"CollectObservations":{"count":20036400,"self":106.61045759999999,"total":106.61046019999999,"children":null},"CollectDiscreteActionMasks":{"count":20036400,"self":39.6845152,"total":39.6845163,"children":null},"AgentInfo.ToProto":{"count":20036400,"self":162.0517248,"total":3616.3556949,"children":{"GenerateSensorData":{"count":20036400,"self":894.90186239999991,"total":3454.3039648,"children":{"RayPerceptionSensor.Perceive":{"count":70127400,"self":2559.4021887999997,"total":2559.4020886,"children":null}}}}}}},"DecideAction":{"count":5008901,"self":55568.4200448,"total":55568.4202743,"children":null},"AgentAct":{"count":5008901,"self":248.43865599999998,"total":251.95659859999998,"children":{"AgentInfo.ToProto":{"count":19960,"self":0.1598538,"total":3.5179454,"children":{"GenerateSensorData":{"count":19960,"self":0.8720114,"total":3.3580916,"children":{"RayPerceptionSensor.Perceive":{"count":69860,"self":2.4860802,"total":2.4860802,"children":null}}}}}}}},"gauges":{"herbivore.CumulativeReward":{"count":9980,"max":17.52031,"min":-362,"runningAverage":-34.90135,"value":-53.56949,"weightedAverage":-60.876976},"carnivore.CumulativeReward":{"count":9980,"max":26.2605057,"min":-185.5,"runningAverage":3.207644,"value":0,"weightedAverage":6.28459024}},"metadata":{"timer_format_version":"0.1.0","start_time_seconds":"1603832685","unity_version":"2019.4.8f1","command_line_arguments":"C:\\Program Files\\Unity\\Hub\\Editor\\2019.4.8f1\\Editor\\Unity.exe -projectpath C:\/Users\/Robel\/Documents\/Unity\/Projects\/MLEcosystem -useHub -hubIPC -cloudEnvironment production -hubSessionId 35c5c680-16ce-11eb-8357-d715fcce0d96 -accessToken ZsYKBxqqfSVeQhQ_E4RPVfWGtFgb4qjTAjVCbf0LkTE00af","communication_protocol_version":"1.0.0","com.unity.ml-agents_version":"1.0.5","scene_name":"Training_01","end_time_seconds":"1603898981"}}