{"count":1,"self":4708.1480192,"total":14715.603144199998,"children":{"AgentSendState":{"count":2500334,"self":136.77108479999998,"total":687.67499509999993,"children":{"CollectObservations":{"count":5000670,"self":25.237631999999998,"total":25.2376315,"children":null},"CollectDiscreteActionMasks":{"count":5000670,"self":9.7226856,"total":9.7226857,"children":null},"AgentInfo.ToProto":{"count":5000670,"self":39.6699552,"total":515.9435947,"children":{"GenerateSensorData":{"count":5000670,"self":134.2915712,"total":476.2736382,"children":{"RayPerceptionSensor.Perceive":{"count":10001340,"self":341.9820544,"total":341.98206469999997,"children":null}}}}}}},"DecideAction":{"count":2500334,"self":9242.613350399999,"total":9242.6136691,"children":null},"AgentAct":{"count":2500334,"self":76.68768,"total":77.158656999999991,"children":{"AgentInfo.ToProto":{"count":5000,"self":0.0339879,"total":0.4709794,"children":{"GenerateSensorData":{"count":5000,"self":0.1066916,"total":0.4369915,"children":{"RayPerceptionSensor.Perceive":{"count":10000,"self":0.3302999,"total":0.3302999,"children":null}}}}}}}},"gauges":{"animal.CumulativeReward":{"count":5000,"max":22.2204132,"min":-188.82,"runningAverage":11.4683332,"value":15.1802731,"weightedAverage":11.867218}},"metadata":{"timer_format_version":"0.1.0","start_time_seconds":"1603153730","unity_version":"2019.4.8f1","command_line_arguments":"C:\\Program Files\\Unity\\Hub\\Editor\\2019.4.8f1\\Editor\\Unity.exe -projectpath C:\/Users\/Robel\/Documents\/Unity\/Projects\/MLEcosystem -useHub -hubIPC -cloudEnvironment production -hubSessionId 111e1ac0-117a-11eb-ac2e-8f67c8b4ad56 -accessToken 2Ax0c564XPT0z4nnIyTqGHaB-eCps5gdB6ZMTLfjm2400af","communication_protocol_version":"1.0.0","com.unity.ml-agents_version":"1.0.5","scene_name":"Training_01","end_time_seconds":"1603168446"}}