{"count":1,"self":1835.1591423999998,"total":5907.7397778999994,"children":{"AgentSendState":{"count":1000334,"self":56.0086848,"total":261.2129433,"children":{"CollectObservations":{"count":2000670,"self":10.206865599999999,"total":10.2068659,"children":null},"CollectDiscreteActionMasks":{"count":2000670,"self":3.8096471999999997,"total":3.8096473,"children":null},"AgentInfo.ToProto":{"count":2000670,"self":16.345959999999998,"total":191.1877477,"children":{"GenerateSensorData":{"count":2000670,"self":55.7559872,"total":174.84178839999998,"children":{"RayPerceptionSensor.Perceive":{"count":4001340,"self":119.0857984,"total":119.08580119999999,"children":null}}}}}}},"DecideAction":{"count":1000334,"self":3778.8065791999998,"total":3778.8065149,"children":null},"AgentAct":{"count":1000334,"self":32.3641664,"total":32.5592134,"children":{"AgentInfo.ToProto":{"count":2000,"self":0.0209409,"total":0.1950478,"children":{"GenerateSensorData":{"count":2000,"self":0.0510747,"total":0.17410689999999998,"children":{"RayPerceptionSensor.Perceive":{"count":4000,"self":0.1230322,"total":0.1230322,"children":null}}}}}}}},"gauges":{"animal.CumulativeReward":{"count":2000,"max":22.2204132,"min":-58.9299965,"runningAverage":13.2299118,"value":14.1402283,"weightedAverage":15.2263794}},"metadata":{"timer_format_version":"0.1.0","start_time_seconds":"1603064960","unity_version":"2019.4.8f1","command_line_arguments":"C:\\Program Files\\Unity\\Hub\\Editor\\2019.4.8f1\\Editor\\Unity.exe -projectpath C:\/Users\/Robel\/Documents\/Unity\/Projects\/MLEcosystem -useHub -hubIPC -cloudEnvironment production -hubSessionId 111e1ac0-117a-11eb-ac2e-8f67c8b4ad56 -accessToken 2Ax0c564XPT0z4nnIyTqGHaB-eCps5gdB6ZMTLfjm2400af","communication_protocol_version":"1.0.0","com.unity.ml-agents_version":"1.0.5","scene_name":"Training_01","end_time_seconds":"1603070867"}}