{"count":1,"self":1843.1358976,"total":5186.8361301999994,"children":{"AgentSendState":{"count":1000334,"self":55.832089599999996,"total":230.08674589999998,"children":{"CollectObservations":{"count":2000670,"self":10.489666399999999,"total":10.4896665,"children":null},"CollectDiscreteActionMasks":{"count":2000670,"self":4.0605264,"total":4.0605263,"children":null},"AgentInfo.ToProto":{"count":2000670,"self":16.639046399999998,"total":159.7044645,"children":{"GenerateSensorData":{"count":2000670,"self":38.169039999999995,"total":143.06541819999998,"children":{"RayPerceptionSensor.Perceive":{"count":2000670,"self":104.8963776,"total":104.89637669999999,"children":null}}}}}}},"DecideAction":{"count":1000334,"self":3084.5857791999997,"total":3084.5858657,"children":null},"AgentAct":{"count":1000334,"self":28.867609599999998,"total":29.0265366,"children":{"AgentInfo.ToProto":{"count":2000,"self":0.0210131,"total":0.15892699999999998,"children":{"GenerateSensorData":{"count":2000,"self":0.040985799999999996,"total":0.1379139,"children":{"RayPerceptionSensor.Perceive":{"count":2000,"self":0.096928099999999989,"total":0.096928099999999989,"children":null}}}}}}}},"gauges":{"animal.CumulativeReward":{"count":2000,"max":13.34021,"min":-62.5,"runningAverage":4.51137972,"value":5.05002069,"weightedAverage":6.518993}},"metadata":{"timer_format_version":"0.1.0","start_time_seconds":"1602920053","unity_version":"2019.4.8f1","command_line_arguments":"C:\\Program Files\\Unity\\Hub\\Editor\\2019.4.8f1\\Editor\\Unity.exe -projectPath C:\\Users\\Robel\\Documents\\Unity\\Projects\\MLEcosystem","communication_protocol_version":"1.0.0","com.unity.ml-agents_version":"1.0.5","scene_name":"Training_01","end_time_seconds":"1602925239"}}