{"count":1,"self":1702.3566847999998,"total":4962.7451414,"children":{"AgentSendState":{"count":1000334,"self":52.757964799999996,"total":237.5126977,"children":{"CollectObservations":{"count":2000670,"self":9.7637071999999989,"total":9.7637068,"children":null},"CollectDiscreteActionMasks":{"count":2000670,"self":3.7498167999999996,"total":3.7498169999999997,"children":null},"AgentInfo.ToProto":{"count":2000670,"self":15.509873599999999,"total":171.2412094,"children":{"GenerateSensorData":{"count":2000670,"self":38.6752128,"total":155.7313361,"children":{"RayPerceptionSensor.Perceive":{"count":2000670,"self":117.056128,"total":117.0561218,"children":null}}}}}}},"DecideAction":{"count":1000334,"self":2995.929088,"total":2995.9290026999997,"children":null},"AgentAct":{"count":1000334,"self":26.7897712,"total":26.945770699999997,"children":{"AgentInfo.ToProto":{"count":2000,"self":0.021991,"total":0.15599949999999999,"children":{"GenerateSensorData":{"count":2000,"self":0.0370222,"total":0.1340085,"children":{"RayPerceptionSensor.Perceive":{"count":2000,"self":0.0969863,"total":0.0969863,"children":null}}}}}}}},"gauges":{"animal.CumulativeReward":{"count":2000,"max":12.6801949,"min":-42.6800461,"runningAverage":4.7662015,"value":6.060044,"weightedAverage":6.206826}},"metadata":{"timer_format_version":"0.1.0","start_time_seconds":"1602949749","unity_version":"2019.4.8f1","command_line_arguments":"C:\\Program Files\\Unity\\Hub\\Editor\\2019.4.8f1\\Editor\\Unity.exe -projectpath C:\/Users\/Robel\/Documents\/Unity\/Projects\/MLEcosystem -useHub -hubIPC -cloudEnvironment production -hubSessionId 5a6f7340-0fdb-11eb-abd0-ad6b93cbcec4 -accessToken qz2hgZpe6YSYFLK46wKoCjF8oW3pGv1B5X-2PlzNg5o00af","communication_protocol_version":"1.0.0","com.unity.ml-agents_version":"1.0.5","scene_name":"Training_01","end_time_seconds":"1602954712"}}