{"cameraMode":{"drawMode":0,"name":"Shaded","section":"Shading Mode"},"sceneLighting":false,"audioPlay":false,"sceneViewState":{"showFog":true,"showMaterialUpdate":false,"showSkybox":true,"showFlares":true,"showImageEffects":true,"showParticleSystems":true},"in2DMode":false,"pivot":{"x":4.554440498352051,"y":-2.4443516731262209,"z":41.288963317871097},"rotation":{"x":0.7459390163421631,"y":0.018969181925058366,"z":-0.021265020594000818,"w":0.6654049754142761},"size":23.968202590942384,"orthographic":false}