{"cameraMode":{"drawMode":0,"name":"Shaded","section":"Shading Mode"},"sceneLighting":false,"audioPlay":false,"sceneViewState":{"showFog":true,"showMaterialUpdate":false,"showSkybox":true,"showFlares":true,"showImageEffects":true,"showParticleSystems":true},"in2DMode":false,"pivot":{"x":-14.658439636230469,"y":6.575952053070068,"z":7.927804470062256},"rotation":{"x":-0.3220767080783844,"y":-0.6735185384750366,"z":0.5149911046028137,"w":-0.4212194085121155},"size":55.31956100463867,"orthographic":false}