{"cameraMode":{"drawMode":0,"name":"Shaded","section":"Shading Mode"},"sceneLighting":false,"audioPlay":false,"sceneViewState":{"showFog":true,"showMaterialUpdate":false,"showSkybox":true,"showFlares":true,"showImageEffects":true,"showParticleSystems":true},"in2DMode":false,"pivot":{"x":-43.93585968017578,"y":43.00836944580078,"z":-25.83116340637207},"rotation":{"x":0.5586410760879517,"y":0.03655974939465523,"z":-0.02466350607573986,"w":0.8282454609870911},"size":68.23970794677735,"orthographic":false}