{"cameraMode":{"drawMode":0,"name":"Shaded","section":"Shading Mode"},"sceneLighting":false,"audioPlay":false,"sceneViewState":{"showFog":true,"showMaterialUpdate":false,"showSkybox":true,"showFlares":true,"showImageEffects":true,"showParticleSystems":true},"in2DMode":false,"pivot":{"x":-22.073745727539064,"y":11.696887969970704,"z":-39.38869094848633},"rotation":{"x":-0.3238725960254669,"y":-0.6626439690589905,"z":0.5522699356079102,"w":-0.38859981298446658},"size":87.40972900390625,"orthographic":false}