{"cameraMode":{"drawMode":0,"name":"Shaded","section":"Shading Mode"},"sceneLighting":false,"audioPlay":false,"sceneViewState":{"showFog":true,"showMaterialUpdate":false,"showSkybox":true,"showFlares":true,"showImageEffects":true,"showParticleSystems":true},"in2DMode":false,"pivot":{"x":7.080859661102295,"y":-4.991129398345947,"z":-12.776308059692383},"rotation":{"x":0.5329570174217224,"y":-0.16946443915367127,"z":0.10991209745407105,"w":0.8216894865036011},"size":75.84407806396485,"orthographic":false}