{"cameraMode":{"drawMode":0,"name":"Shaded","section":"Shading Mode"},"sceneLighting":false,"audioPlay":false,"sceneViewState":{"showFog":true,"showMaterialUpdate":false,"showSkybox":true,"showFlares":true,"showImageEffects":true,"showParticleSystems":true},"in2DMode":false,"pivot":{"x":-8.962841033935547,"y":91.84337615966797,"z":75.51119232177735},"rotation":{"x":-0.08051029592752457,"y":-0.857478141784668,"z":0.4881165027618408,"w":-0.14145611226558686},"size":4.245457649230957,"orthographic":false}