{"cameraMode":{"drawMode":0,"name":"Shaded","section":"Shading Mode"},"sceneLighting":false,"audioPlay":false,"sceneViewState":{"showFog":true,"showMaterialUpdate":false,"showSkybox":true,"showFlares":true,"showImageEffects":true,"showParticleSystems":true},"in2DMode":false,"pivot":{"x":-29.754703521728517,"y":61.46751403808594,"z":-30.501888275146486},"rotation":{"x":0.46487829089164736,"y":0.40551602840423586,"z":-0.2529389560222626,"w":0.745299756526947},"size":35.61821365356445,"orthographic":false}