{"cameraMode":{"drawMode":0,"name":"Shaded","section":"Shading Mode"},"sceneLighting":false,"audioPlay":false,"sceneViewState":{"showFog":true,"showMaterialUpdate":false,"showSkybox":true,"showFlares":true,"showImageEffects":true,"showParticleSystems":true},"in2DMode":false,"pivot":{"x":474.3345031738281,"y":1.1861000061035157,"z":88.36869812011719},"rotation":{"x":0.6606515049934387,"y":-0.2520712614059448,"z":0.2520708441734314,"w":0.660651683807373},"size":457.98199462890627,"orthographic":false}