{"cameraMode":{"drawMode":0,"name":"Shaded","section":"Shading Mode"},"sceneLighting":false,"audioPlay":false,"sceneViewState":{"showFog":true,"showMaterialUpdate":false,"showSkybox":false,"showFlares":true,"showImageEffects":true,"showParticleSystems":true},"in2DMode":false,"pivot":{"x":1.2278693914413453,"y":3.5118143558502199,"z":-1.6157636642456055},"rotation":{"x":-0.11389513313770294,"y":0.24817873537540437,"z":-0.02939603291451931,"w":-0.961548924446106},"size":0.8660253882408142,"orthographic":false}